id,x,y,diameter,orientation_x,orientation_y,orientation_z
0,0.8368,-6.8078,0.0418,-0.4309,-0.7107,0.556
1,3.966,-2.3685,0.0772,0.0713,-0.5765,0.814
2,2.9793,-3.6181,0.1298,0.0411,0.0005,0.9992
3,3.1209,-5.3571,0.0586,0.0427,0.0155,0.999
4,2.1753,-6.7388,0.0585,0.0313,-0.0073,0.9995
5,0.5044,-9.1424,0.0697,0.0647,-0.0,0.9979
6,4.0375,-5.9033,0.0639,0.0479,0.0231,0.9986
7,3.0903,-7.2821,0.059,0.036,-0.011,0.9993
8,4.917,-6.4485,0.0583,0.0257,0.0355,0.999
9,-6.1412,0.1266,0.0684,0.0309,0.0287,0.9991
10,-6.1019,-1.8898,0.0727,0.0767,0.0191,0.9969
11,-4.2473,0.6308,0.2389,-0.0522,0.1254,0.9907
12,-3.8184,0.64,0.0807,-0.0736,0.0296,0.9968
13,0.615,6.134,0.1731,-0.2702,-0.1264,0.9545
14,-4.1822,-1.0325,0.0625,0.0606,0.0134,0.9981
15,-5.1563,-2.4447,0.0647,0.012,0.0009,0.9999
16,-3.2911,-1.5712,0.0638,0.0111,0.023,0.9997
17,-4.2508,-2.9746,0.0634,0.0274,0.0164,0.9995
18,2.3786,5.4935,0.1056,0.0394,-0.0457,0.9982
19,-2.3828,-2.1081,0.0637,0.0216,0.0005,0.9998
20,-3.3491,-3.519,0.0718,0.0583,0.1226,0.9907
21,-0.6244,-3.1444,0.0621,0.0336,0.0919,0.9952
22,-1.5748,-4.5338,0.0601,0.0135,0.0263,0.9996
23,-3.2236,-6.934,0.0687,0.0227,0.0307,0.9993
24,0.2988,-3.6844,0.066,-0.0124,-0.0012,0.9999
25,-0.6573,-5.0737,0.0558,0.0318,0.0062,0.9995
26,-2.3313,-7.4825,0.0693,0.0136,-0.0161,0.9998
27,1.1815,-4.2042,0.0617,-0.0146,0.069,0.9975
28,0.2272,-5.6037,0.0537,-0.0076,-0.0021,1.0
29,1.2255,-6.1915,0.0547,0.0375,-0.0031,0.9993
30,-0.021,-7.9634,0.0493,0.4808,0.6387,0.6007
31,-0.4326,-8.581,0.0662,0.0327,-0.0717,0.9969
32,1.4298,-9.705,0.0695,0.0231,-0.0383,0.999
33,-8.9018,-0.1727,0.0611,0.0041,0.0127,0.9999
34,-7.0242,0.6423,0.091,0.1574,-0.032,0.987
35,-7.9854,-0.718,0.1188,-0.0897,-0.1199,0.9887
36,-7.1182,-1.289,0.0705,0.0077,-0.0107,0.9999
37,-3.6823,2.1895,0.0607,-0.4702,-0.2451,0.8479
38,-6.5487,-2.5533,0.0555,-0.4225,-0.7224,0.5474
39,-7.7462,-4.2938,0.0793,-0.0124,-0.1402,0.99
40,-4.995,-5.8815,0.0707,0.0347,-0.0024,0.9994
41,-9.6838,2.2206,0.1119,-0.1121,-0.3202,0.9407
42,-8.7374,-3.6472,0.0715,0.0204,0.0372,0.9991
43,3.9743,-7.7994,0.0582,0.0144,0.0092,0.9999
44,-1.4283,-8.0075,0.0639,-0.0032,-0.0162,0.9999
45,-1.6753,-10.4238,0.0574,0.4621,0.6519,0.6013
46,2.2919,-10.2295,0.0632,0.0034,-0.036,0.9993
47,4.5995,-8.9654,0.1246,0.7019,0.7012,0.1249
48,-7.9575,1.1883,0.0673,0.0118,0.0154,0.9998
49,-7.298,-3.6143,0.0479,0.4685,0.662,0.5851
50,-6.7979,-4.831,0.0767,0.0533,-0.0043,0.9986
51,-5.9056,-5.3569,0.0711,0.0393,0.013,0.9991
52,-6.6993,-8.3716,0.0756,-0.0149,-0.035,0.9993
53,-4.9176,-9.3801,0.0938,0.0654,0.0512,0.9965
54,-4.0129,-9.9236,0.0854,0.0198,-0.0038,0.9998
55,-9.6455,-3.1095,0.0598,0.0039,-0.0318,0.9995
56,-8.9565,-5.9999,0.0506,0.4917,0.6948,0.5249
57,4.332,-8.9244,0.0796,0.1444,-0.2469,0.9582
58,4.7985,-9.5134,0.0966,0.3868,0.5337,0.752
59,-4.6226,0.8293,0.1282,-0.0278,0.0003,0.9996
60,-1.1755,-11.6016,0.0761,0.0141,0.0526,0.9985
61,-3.1103,-10.4521,0.0825,-0.0361,0.0786,0.9963
62,-10.54,-2.5592,0.0574,0.0064,0.0014,1.0
63,-9.466,-6.7657,0.0698,-0.0031,-0.0561,0.9984
64,-7.592,-7.811,0.0717,0.0382,-0.0422,0.9984
65,-2.1223,-11.0758,0.0781,0.0086,-0.1025,0.9947
66,-10.664,0.8716,0.0535,-0.008,-0.0859,0.9963
67,-10.4364,-6.1161,0.0619,0.0027,0.0127,0.9999
68,-8.4864,-7.2961,0.0632,0.0073,0.0086,0.9999
69,-11.3394,-5.5865,0.0583,0.0427,0.0185,0.9989
70,6.6848,-7.4826,0.0691,-0.0171,-0.1281,0.9916
71,-3.8011,-13.4737,0.0769,0.0278,-0.1032,0.9943
72,-0.2652,-12.1321,0.0683,0.0698,-0.0168,0.9974
73,0.6358,-12.6622,0.0627,-0.0035,-0.0401,0.9992
74,-9.2824,-10.2693,0.072,0.0116,-0.051,0.9986
75,-8.3705,-10.7949,0.0765,0.0039,-0.0077,1.0
76,-6.6049,-11.8362,0.0851,0.0097,0.011,0.9999
77,-5.6918,-12.3707,0.0728,0.0103,0.0152,0.9998
78,-12.2232,-5.0195,0.0479,0.0278,0.0405,0.9988
79,-2.1429,-13.0739,0.1054,0.0735,-0.1616,0.9841
80,-2.8481,-14.0311,0.0805,-0.0001,-0.0681,0.9977
81,-1.9313,-14.5707,0.0727,0.0471,-0.0439,0.9979
82,-10.1817,-9.7472,0.0581,0.0785,-0.0183,0.9967
83,-4.7922,-12.9009,0.0771,-0.0241,-0.0347,0.9991
84,-12.3019,-1.5067,0.0477,-0.0352,-0.0315,0.9989
85,-12.1221,-8.581,0.0579,-0.0031,0.0226,0.9997
86,4.0752,-11.2629,0.0529,0.0165,0.0369,0.9992
87,-8.2959,-14.3035,0.0955,0.0138,-0.0317,0.9994
88,-11.1368,-9.2396,0.0664,0.0577,-0.0898,0.9943
89,-10.9675,-12.7553,0.0852,0.0342,-0.0797,0.9962
90,-7.3836,-14.8324,0.0898,-0.028,-0.0314,0.9991
91,-5.487,-15.9628,0.0721,-0.0198,-0.1069,0.9941
92,-4.5222,-16.4738,0.0775,0.053,0.0238,0.9983
93,-1.0422,-15.0932,0.0692,0.0193,-0.0089,0.9998
94,2.3843,-13.7267,0.0617,-0.0411,-0.003,0.9992
95,-11.8709,-12.213,0.0685,0.0259,-0.0297,0.9992
96,-10.0681,-13.2662,0.0758,0.0221,0.0043,0.9997
97,-13.8137,-11.0506,0.0666,-0.0162,0.0353,0.9992
98,-6.4809,-15.3604,0.0812,-0.0437,0.1007,0.994
99,-3.6198,-17.0384,0.0773,0.022,-0.0443,0.9988
100,-13.9972,-3.9896,0.0502,-0.0356,0.0311,0.9989
101,-13.928,-7.4855,0.0463,0.0002,0.0058,1.0
102,-13.0312,-8.0461,0.0552,0.0219,-0.0109,0.9997
103,-12.7962,-11.7209,0.069,0.0301,-0.0795,0.9964
104,-14.7206,-10.5176,0.0607,0.0161,0.0281,0.9995
105,-12.6279,-15.1519,0.0817,0.0209,0.0034,0.9998
106,-11.7328,-15.6993,0.0784,0.0449,-0.0745,0.9962
107,-9.9536,-16.7341,0.0793,0.0317,0.0722,0.9969
108,-8.1472,-17.8004,0.08,-0.0128,0.0476,0.9988
109,-2.737,-17.5745,0.0605,-0.0144,-0.0105,0.9998
110,-14.4738,-14.1092,0.0711,0.0211,-0.0594,0.998
111,-7.1471,-18.4449,0.0761,0.0127,-0.0898,0.9959
112,-6.2149,-18.9476,0.0803,0.0322,-0.009,0.9994
113,-15.6822,-6.445,0.0555,0.0442,0.0169,0.9989
114,-9.055,-17.2695,0.079,-0.0613,-0.0344,0.9975
115,-5.2987,-19.4817,0.0694,0.0461,-0.031,0.9985
116,-4.4097,-20.0073,0.0566,0.0318,-0.0016,0.9995
117,-16.3822,-12.9385,0.0631,0.0319,0.0087,0.9995
118,-15.4759,-13.476,0.0668,-0.0071,0.0222,0.9997
119,-13.5219,-14.6298,0.0717,0.0599,-0.0184,0.998
120,-8.7926,-20.8812,0.0707,0.0385,-0.0794,0.9961
121,-15.6148,-9.9561,0.0529,0.0173,0.0347,0.9992
122,-14.3252,-17.6525,0.0913,0.08,-0.014,0.9967
123,-11.6573,-19.2236,0.0812,-0.0282,-0.0019,0.9996
124,-10.7382,-19.7337,0.0875,0.0047,-0.0079,1.0
125,-7.8709,-21.3848,0.0779,0.0374,-0.0103,0.9992
126,-6.9603,-21.9337,0.0764,0.0354,-0.0491,0.9982
127,-17.3656,-8.9168,0.0524,0.0079,0.0075,0.9999
128,-17.2744,-12.3823,0.0577,0.0391,0.0453,0.9982
129,-15.2298,-17.1601,0.074,0.0026,-0.0038,1.0
130,-13.4297,-18.1871,0.0826,-0.0121,-0.0142,0.9998
131,-9.8359,-20.238,0.0944,-0.0516,0.015,0.9986
132,-12.4138,-22.1739,0.0808,-0.0172,0.0378,0.9991
133,-6.0718,-22.457,0.0757,0.0246,-0.0417,0.9988
134,-18.0804,-15.4318,0.0615,0.0487,0.0417,0.9979
135,-17.1782,-15.9791,0.068,-0.0077,0.0403,0.9992
136,-13.3186,-21.6516,0.0818,0.0049,-0.0116,0.9999
137,-11.5068,-22.7209,0.076,0.0089,0.0104,0.9999
138,-10.4621,-23.3443,0.081,0.0137,-0.0833,0.9964
139,-9.5573,-23.8594,0.0773,0.0344,0.0215,0.9992
140,-19.0272,-11.3566,0.0554,0.0269,-0.0575,0.998
141,-16.1416,-16.6415,0.0709,0.0364,-0.0623,0.9974
142,-17.7931,-19.0345,0.065,0.0458,-0.0694,0.9965
143,-15.0781,-20.607,0.0938,0.0597,-0.0807,0.995
144,-8.6437,-24.3906,0.076,0.0563,-0.0241,0.9981
145,-18.9781,-14.8764,0.0577,0.0245,0.023,0.9994
146,-16.8771,-19.5563,0.0718,0.0341,-0.0637,0.9974
147,-15.9793,-20.0743,0.0716,0.0238,-0.0153,0.9996
148,-7.7593,-24.914,0.0751,0.0266,-0.0106,0.9996
149,-14.0608,-24.6013,0.0826,0.0086,0.0364,0.9993
150,-12.0943,-25.7708,0.0732,0.0408,-0.0724,0.9965
151,-19.7292,-17.8434,0.0634,0.0085,-0.0006,1.0
152,-18.8289,-18.3887,0.0617,-0.0173,-0.004,0.9998
153,-17.6219,-22.4921,0.0753,0.042,-0.0444,0.9981
154,-16.7353,-23.0231,0.0835,-0.0144,-0.0361,0.9992
155,-2.6356,-21.0535,0.0635,-0.0012,0.0158,0.9999
156,-11.205,-26.2746,0.0736,0.0491,-0.0108,0.9987
157,-10.2959,-26.8156,0.0778,0.0315,-0.0364,0.9988
158,-20.6392,-17.2994,0.0567,0.0099,0.0186,0.9998
159,-19.4664,-21.5147,0.0656,0.0501,-0.0474,0.9976
160,-18.5256,-21.9593,0.0673,0.0289,-0.0405,0.9988
161,-14.9698,-24.0701,0.0797,0.0274,-0.0025,0.9996
162,-13.1641,-25.1161,0.0956,-0.0835,0.0621,0.9946
163,-20.7127,-13.8411,0.0492,0.0171,-0.0224,0.9996
164,-21.3919,-20.2839,0.0552,0.0134,0.0063,0.9999
165,-18.4306,-25.5156,0.0776,0.0288,-0.0075,0.9996
166,-16.6498,-26.5401,0.0746,0.0194,0.0176,0.9997
167,-15.7372,-27.0607,0.0789,-0.0382,0.0174,0.9991
168,-14.827,-27.5969,0.0725,-0.0115,0.0313,0.9994
169,-12.4169,-27.9991,0.1203,0.4353,0.124,0.8917
170,-20.4947,-20.8339,0.0661,-0.0298,-0.0091,0.9995
171,-12.8699,-28.7278,0.0718,-0.003,-0.0113,0.9999
172,-22.2917,-19.7444,0.0571,0.0394,0.0515,0.9979
173,-19.3226,-24.9835,0.0718,0.0185,-0.006,0.9998
174,-13.8035,-28.2771,0.1472,-0.0094,-0.3473,0.9377
175,-11.9545,-29.2462,0.0717,0.0325,-0.0714,0.9969
176,-22.3768,-16.2895,0.0488,0.0159,-0.0221,0.9996
177,-22.1878,-23.3136,0.0619,0.027,0.0166,0.9995
178,-21.148,-23.9642,0.0614,0.0343,-0.0507,0.9981
179,-20.2268,-24.4778,0.0762,0.0797,-0.0532,0.9954
180,-17.4369,-29.5586,0.086,-0.0184,0.0033,0.9998
181,-15.4681,-30.7127,0.0771,-0.0249,-0.1007,0.9946
182,-7.6393,-28.3737,0.0687,-0.0204,-0.0449,0.9988
183,-23.9976,-22.2297,0.0568,-0.0328,0.0131,0.9994
184,-23.0963,-22.787,0.0581,0.0044,-0.0512,0.9987
185,-21.0026,-27.4595,0.0683,0.0527,-0.0349,0.998
186,-18.3403,-29.0298,0.0819,-0.0323,0.0204,0.9993
187,-14.5712,-31.2368,0.0757,-0.0155,-0.112,0.9936
188,-23.8606,-25.7792,0.0646,0.0558,0.0072,0.9984
189,-22.8168,-26.4317,0.0684,0.0556,-0.0283,0.9981
190,-21.8953,-26.9327,0.0632,0.0642,-0.0231,0.9977
191,-20.1007,-27.9786,0.078,0.0149,-0.0231,0.9996
192,-16.5178,-30.0833,0.0793,-0.0241,0.0143,0.9996
193,-24.0511,-18.7426,0.0524,0.0115,-0.0152,0.9998
194,-19.9831,-31.4522,0.0795,-0.0158,0.0482,0.9987
195,-19.0716,-31.9723,0.0896,-0.0357,-0.0145,0.9993
196,-13.6514,-31.7565,0.078,0.0279,-0.08,0.9964
197,-11.0493,-29.768,0.065,0.0111,-0.0341,0.9994
198,-12.7463,-32.2805,0.0674,-0.011,-0.0421,0.9991
199,-21.7521,-30.4134,0.079,0.0314,0.027,0.9991
200,-24.7574,-25.2263,0.0578,0.0153,-0.005,0.9999
201,-18.1666,-32.5099,0.0883,0.0078,0.0044,1.0
202,-17.1352,-33.1,0.0787,0.0243,-0.059,0.998
203,-16.1954,-33.6331,0.074,0.0428,-0.0074,0.9991
204,-9.2722,-30.7859,0.061,0.0938,0.1601,0.9826
205,-25.6653,-24.6944,0.0583,0.0059,-0.0007,1.0
206,-24.4725,-28.8581,0.0676,0.0317,-0.0407,0.9987
207,-22.6529,-29.8922,0.0773,0.0063,-0.0433,0.999
208,-15.279,-34.1557,0.075,0.0146,-0.0447,0.9989
209,-25.7162,-21.1833,0.0482,0.0318,0.1059,0.9939
210,-25.5076,-28.2154,0.0731,0.0015,0.0411,0.9992
211,-20.7575,-34.4762,0.0875,0.0003,0.0058,1.0
212,-18.7991,-35.5983,0.0742,0.0348,-0.0522,0.998
213,-14.3798,-34.6776,0.0704,0.0015,-0.0308,0.9995
214,-26.4239,-27.6836,0.0644,0.0105,-0.0237,0.9997
215,-23.5426,-29.3745,0.0655,0.1072,-0.0351,0.9936
216,-24.3366,-32.4056,0.0855,0.1018,-0.0024,0.9948
217,-23.4041,-32.894,0.0781,0.0106,-0.0082,0.9999
218,-21.669,-33.9431,0.0883,-0.0617,0.0175,0.9979
219,-27.3281,-27.1505,0.0595,0.0024,0.0039,1.0
220,-10.9906,-33.2937,0.0678,0.0052,-0.0222,0.9997
221,-19.8333,-34.9927,0.0747,-0.0291,0.001,0.9996
222,-17.8724,-36.1311,0.0792,0.0184,-0.0259,0.9995
223,-25.2369,-31.888,0.068,0.0167,-0.0587,0.9981
224,-16.9575,-36.6434,0.0787,0.0154,-0.0185,0.9997
225,-16.059,-37.1578,0.0809,0.031,-0.0422,0.9986
226,-26.1487,-31.3752,0.0674,0.0485,-0.0654,0.9967
227,-23.3129,-36.3945,0.0874,0.0315,0.084,0.996
228,-28.1161,-30.1929,0.0535,0.0007,-0.0328,0.9995
229,-12.6188,-35.7002,0.065,0.0532,0.0925,0.9943
230,-26.0052,-34.8705,0.0716,0.0159,-0.062,0.998
231,-22.3938,-36.905,0.0892,-0.0056,-0.0309,0.9995
232,-21.4735,-37.4323,0.0825,-0.0001,0.0238,0.9997
233,-20.4322,-38.0457,0.0832,0.0122,-0.0591,0.9982
234,-27.3816,-23.6627,0.0505,0.0077,0.0397,0.9992
235,-29.0077,-29.6464,0.0577,0.0114,0.0099,0.9999
236,-27.1939,-30.7209,0.0623,0.0231,0.028,0.9993
237,-29.0636,-26.1343,0.0524,0.0079,0.0272,0.9996
238,-18.5908,-39.0687,0.0859,0.0726,-0.016,0.9972
239,-26.8981,-34.3551,0.0854,0.1175,-0.0518,0.9917
240,-25.0918,-35.3748,0.0804,0.0324,-0.0134,0.9994
241,-28.8797,-33.2084,0.0696,-0.0099,-0.0102,0.9999
242,-19.5222,-38.567,0.0971,0.0652,0.0266,0.9975
243,-17.7003,-39.5983,0.0747,0.0429,-0.015,0.999
244,-29.7843,-32.6713,0.0561,-0.0096,-0.0343,0.9994
245,-27.8353,-33.8443,0.0671,-0.0005,-0.0605,0.9982
246,-27.6332,-37.3067,0.0649,0.0729,-0.0175,0.9972
247,-26.7409,-37.842,0.0741,0.025,-0.0183,0.9995
248,-24.961,-38.8468,0.0838,-0.0063,-0.0462,0.9989
249,-24.0242,-39.3496,0.0829,0.0377,0.0389,0.9985
250,-14.2686,-38.1556,0.0675,0.047,0.0507,0.9976
251,-23.124,-39.8868,0.0786,-0.0326,0.0009,0.9995
252,-21.1501,-41.0014,0.0823,0.033,-0.0243,0.9992
253,-30.6845,-32.1293,0.0503,0.0122,0.0287,0.9995
254,-29.4525,-36.2802,0.0656,0.0502,-0.0165,0.9986
255,-20.2384,-41.5249,0.0856,0.0747,0.009,0.9972
256,-28.5417,-36.7882,0.0678,0.062,-0.0379,0.9974
257,-22.0508,-40.4584,0.0727,0.0299,-0.0447,0.9986
258,-30.7423,-28.6221,0.0479,0.0009,0.0368,0.9993
259,-31.4101,-35.0988,0.0531,0.0116,-0.0093,0.9999
260,-15.9448,-40.6281,0.0723,0.0054,0.0049,1.0
261,-26.6283,-41.3368,0.0804,0.0103,0.0699,0.9975
262,-25.7057,-41.8641,0.0816,0.0043,0.0039,1.0
263,-24.7934,-42.3889,0.0747,-0.027,-0.0213,0.9994
264,-23.8196,-43.0219,0.1362,-0.1116,-0.2448,0.9631
265,-30.5022,-35.6277,0.0557,-0.0267,0.0372,0.999
266,-28.4082,-40.3299,0.0738,-0.0078,-0.0436,0.999
267,-32.3129,-34.5621,0.0542,-0.0284,-0.0259,0.9993
268,-19.341,-42.0677,0.0669,-0.018,-0.0779,0.9968
269,-32.1904,-38.144,0.0642,0.0077,-0.001,1.0
270,-22.3899,-43.2862,0.1117,0.5187,0.5128,0.6841
271,-21.9088,-44.0158,0.0759,0.0362,-0.0371,0.9987
272,-30.2194,-39.3004,0.0552,0.0412,-0.0619,0.9972
273,-29.3171,-39.816,0.0656,0.019,-0.0385,0.9991
274,-32.4181,-31.1165,0.0514,0.0204,0.016,0.9997
275,-20.9922,-44.5253,0.077,0.0467,-0.0387,0.9982
276,-27.0476,-43.8843,0.0777,-0.0548,0.0429,0.9976
277,-27.2716,-44.2556,0.0914,-0.0291,0.0683,0.9972
278,-22.8199,-43.4992,0.0713,0.0127,-0.0335,0.9994
279,-31.1347,-38.8007,0.0601,0.0355,-0.0428,0.9985
280,-31.5285,-41.29,0.0817,0.0752,-0.0598,0.9954
281,-27.975,-43.3451,0.0839,-0.0466,-0.0323,0.9984
282,-28.2034,-43.7229,0.1054,-0.1127,-0.0835,0.9901
283,-33.0994,-37.6259,0.052,0.0164,-0.0077,0.9998
284,-30.8449,-42.1794,0.1064,-0.0693,-0.1685,0.9833
285,-29.721,-42.3206,0.0884,-0.0399,0.016,0.9991
286,-29.9476,-42.6725,0.0792,-0.0388,-0.0244,0.999
287,-17.5621,-43.0564,0.0658,0.1039,0.0233,0.9943
288,-26.334,-44.7386,0.1013,-0.0266,-0.0288,0.9992
289,-25.3628,-45.4083,0.0798,0.0322,-0.0783,0.9964
290,-24.1797,-45.5449,0.085,-0.0173,-0.0738,0.9971
291,-24.3887,-45.8966,0.0881,-0.0719,-0.1464,0.9866
292,-23.2648,-46.0549,0.0813,0.0138,-0.069,0.9975
293,-33.5278,-40.1654,0.0628,-0.0699,-0.0008,0.9976
294,-29.4442,-38.1413,0.0746,0.5429,0.1372,0.8285
295,-30.6226,-41.8093,0.0717,0.034,-0.0045,0.9994
296,-34.046,-33.5504,0.0505,0.0091,-0.0216,0.9997
297,-34.0086,-37.1059,0.0442,-0.012,-0.0137,0.9998
298,-26.1467,-44.4083,0.0896,-0.0374,0.1003,0.9943
299,-23.4812,-46.3988,0.0944,-0.0118,-0.1017,0.9947
300,-22.3513,-46.5883,0.0831,-0.025,-0.0747,0.9969
301,-34.4354,-39.641,0.0538,-0.0017,0.0116,0.9999
302,-34.6712,-39.9889,0.0554,-0.0272,-0.04,0.9988
303,-33.7588,-40.5241,0.0584,-0.0605,-0.0355,0.9975
304,-32.7532,-41.2282,0.059,0.0454,-0.0072,0.9989
305,-31.7586,-41.6165,0.0792,-0.0441,-0.0761,0.9961
306,-32.7875,-45.0934,0.0684,0.001,-0.0375,0.9993
307,-31.8805,-45.6169,0.0748,0.0367,-0.0424,0.9984
308,-30.1409,-46.6222,0.074,-0.0406,-0.0266,0.9988
309,-29.2178,-47.1513,0.0766,-0.0721,-0.0139,0.9973
310,-28.3231,-47.6817,0.0756,-0.0068,-0.0149,0.9999
311,-27.0137,-47.906,0.0676,-0.0147,-0.071,0.9974
312,-22.5783,-46.9723,0.0756,-0.0186,-0.0566,0.9982
313,-35.3565,-39.117,0.0476,0.0601,-0.0338,0.9976
314,-35.5855,-39.4818,0.0487,-0.0604,-0.0676,0.9959
315,-33.7186,-44.567,0.0642,0.0282,-0.047,0.9985
316,-26.3567,-48.7707,0.1144,0.1014,-0.0288,0.9944
317,-34.4123,-43.7249,0.0631,0.0176,-0.0612,0.998
318,-25.4131,-49.3364,0.0806,0.0017,-0.0749,0.9972
319,-33.2955,-47.7373,0.0748,0.0782,-0.0118,0.9969
320,-30.5939,-49.2294,0.0779,0.0258,0.0517,0.9983
321,-25.9041,-48.476,0.1165,0.7355,0.0578,0.675
322,-35.7454,-36.0899,0.047,0.0111,-0.0426,0.999
323,-35.6914,-43.457,0.0584,0.0085,-0.0172,0.9998
324,-31.5287,-48.7264,0.0796,0.0015,0.045,0.999
325,-29.679,-49.7826,0.0748,-0.0147,0.0165,0.9998
326,-36.6184,-42.9288,0.0767,0.1257,-0.0894,0.988
327,-35.1726,-44.8268,0.0998,0.1579,0.2596,0.9527
328,-34.2158,-47.209,0.0717,0.0257,-0.0137,0.9996
329,-37.1045,-38.1419,0.0459,0.0054,-0.0572,0.9983
330,-37.3234,-38.4996,0.0531,0.0344,-0.1921,0.9808
331,-37.5247,-42.41,0.0553,0.0013,-0.0475,0.9989
332,-27.7271,-50.8962,0.0711,0.0229,-0.0541,0.9983
333,-26.7901,-51.377,0.0655,0.0631,-0.0231,0.9977
334,-24.5044,-49.8314,0.0715,0.0267,-0.0179,0.9995
335,-28.6436,-50.3364,0.0662,0.0203,-0.0764,0.9969
336,-34.9501,-44.3182,0.0689,0.1743,0.1697,0.97
337,-36.0463,-46.1809,0.0623,0.0379,-0.0486,0.9981
338,-35.1284,-46.6937,0.0667,0.0425,-0.0351,0.9985
339,-37.0728,-45.5581,0.0587,-0.0225,-0.0335,0.9992
340,-25.8923,-51.9036,0.0706,0.0252,-0.0767,0.9967
341,-38.0008,-45.0234,0.0612,0.0312,0.0031,0.9995
342,-34.9251,-50.1903,0.0747,0.0614,0.0031,0.9981
343,-33.1658,-51.2064,0.0831,0.0121,-0.0291,0.9995
344,-32.2412,-51.7218,0.0785,-0.0295,-0.0023,0.9996
345,-30.2989,-52.8257,0.0727,0.0163,-0.0636,0.9978
346,-37.6957,-48.6759,0.0639,0.0394,-0.0708,0.9967
347,-35.8486,-49.6794,0.0727,0.0392,-0.0523,0.9979
348,-29.3474,-53.3618,0.0733,0.023,-0.0369,0.9991
349,-38.9005,-44.5046,0.0509,-0.0067,-0.0156,0.9999
350,-39.2566,-41.4089,0.0754,0.1443,-0.0664,0.9873
351,-38.707,-48.0462,0.0603,0.0063,0.0511,0.9987
352,-31.3305,-52.2384,0.0716,-0.0012,-0.0136,0.9999
353,-28.4287,-53.8625,0.0725,0.0651,-0.0286,0.9975
354,-39.4207,-48.8815,0.0581,-0.2383,0.3218,0.9163
355,-36.7635,-49.1774,0.0682,0.0865,-0.0154,0.9961
356,-37.4814,-52.1601,0.0682,0.0633,-0.0245,0.9977
357,-34.795,-53.6974,0.0856,0.0052,-0.0422,0.9991
358,-33.868,-54.2016,0.0874,0.0027,0.0053,1.0
359,-32.957,-54.7181,0.0782,-0.0184,0.0109,0.9998
360,-31.9405,-55.2877,0.0712,0.0329,-0.0616,0.9976
361,-27.5233,-54.3949,0.0659,0.0818,-0.0074,0.9966
362,-39.6348,-47.5132,0.0566,0.0106,0.0068,0.9999
363,-31.0303,-56.3233,0.0815,0.5503,0.2028,0.81
364,-30.0535,-56.3304,0.0742,0.0771,-0.0351,0.9964
365,-24.1094,-52.877,0.0516,-0.0548,-0.0469,0.9974
366,-40.5469,-46.9871,0.0555,0.019,0.0118,0.9998
367,-40.3482,-50.5442,0.0676,-0.0391,0.0436,0.9983
368,-39.3412,-51.1449,0.0641,0.0026,-0.0498,0.9988
369,-38.4039,-51.6469,0.0624,0.0463,-0.0072,0.9989
370,-36.5655,-52.6771,0.0696,0.0702,-0.0283,0.9971
371,-30.8921,-55.779,0.1739,0.5361,0.1842,0.8238
372,-40.6397,-43.4713,0.0482,0.0123,0.0163,0.9998
373,-38.9605,-50.6509,0.1139,0.1257,-0.0679,0.9897
374,-41.29,-50.024,0.0557,0.0012,-0.0203,0.9998
375,-36.4107,-56.1397,0.0787,0.0415,0.0311,0.9987
376,-35.497,-56.6829,0.0815,-0.023,0.0085,0.9997
377,-34.5846,-57.1954,0.0745,0.0089,0.0067,0.9999
378,-29.1438,-56.8355,0.0726,0.0557,-0.0562,0.9969
379,-42.2831,-45.964,0.0463,0.0169,-0.0081,0.9998
380,-34.213,-58.3293,0.1139,-0.4485,0.4442,0.7756
381,-33.562,-57.7617,0.0695,0.0186,-0.1173,0.9929
382,-32.6065,-58.298,0.0776,0.05,0.016,0.9986
383,-32.0141,-58.1587,0.092,0.5144,-0.0946,0.8523
384,-25.7438,-55.3756,0.0579,-0.0058,-0.0475,0.9989
385,-42.1991,-49.5046,0.0519,0.0084,0.0076,0.9999
386,-40.971,-53.6432,0.0588,0.0271,-0.0441,0.9987
387,-39.1047,-54.6252,0.0716,0.0386,-0.0189,0.9991
388,-38.1744,-55.1345,0.0733,0.0697,-0.0066,0.9975
389,-31.6901,-58.8038,0.0753,0.0771,-0.0754,0.9942
390,-40.0395,-54.1418,0.0673,0.0362,-0.0778,0.9963
391,-35.2443,-60.2759,0.0713,0.0182,-0.0441,0.9989
392,-30.7867,-59.3309,0.0653,0.05,-0.0352,0.9981
393,-42.907,-52.4994,0.0576,0.0124,0.0201,0.9997
394,-41.9897,-53.0201,0.0653,0.0332,0.0398,0.9987
395,-41.6931,-56.6562,0.067,0.0497,-0.0443,0.9978
396,-39.857,-57.6821,0.0801,0.0086,-0.0584,0.9983
397,-38.0745,-58.7002,0.0784,0.0341,-0.0143,0.9993
398,-37.1538,-59.2194,0.0855,-0.0272,-0.0414,0.9988
399,-43.8276,-51.9832,0.0581,-0.0119,-0.0107,0.9999
400,-34.2615,-60.8209,0.0758,0.0622,0.0111,0.998
401,-33.336,-61.3295,0.0727,0.0561,-0.0544,0.9969
402,-43.9454,-48.5107,0.0472,-0.0143,-0.0184,0.9997
403,-43.6399,-55.5423,0.0644,0.017,-0.0254,0.9995
404,-42.624,-56.1532,0.0683,0.0435,-0.0109,0.999
405,-40.7769,-57.1592,0.0767,0.0846,-0.0269,0.996
406,-36.2384,-59.7264,0.0706,-0.0314,-0.0153,0.9994
407,-27.3847,-57.8556,0.0638,0.0191,-0.0038,0.9998
408,-41.4671,-60.1194,0.0739,0.0607,-0.0269,0.9978
409,-39.6876,-61.1506,0.0779,0.0038,-0.0288,0.9996
410,-38.7611,-61.6557,0.0866,0.0346,0.0194,0.9992
411,-44.553,-55.0197,0.0524,0.0233,0.0233,0.9995
412,-32.4402,-61.8379,0.0742,0.0946,-0.0461,0.9944
413,-37.8503,-62.1743,0.0819,0.0053,-0.0147,0.9999
414,-36.8151,-62.7325,0.0737,0.006,-0.0516,0.9986
415,-35.856,-63.2575,0.0719,0.0966,-0.0163,0.9952
416,-45.4738,-54.4988,0.0587,0.0018,0.0029,1.0
417,-44.24,-58.5906,0.0692,0.0344,-0.0564,0.9978
418,-42.3897,-59.611,0.0708,0.0444,-0.075,0.9962
419,-34.9434,-63.7685,0.0682,0.0441,-0.0652,0.9969
420,-45.5851,-50.9948,0.0441,-0.0018,-0.0469,0.9989
421,-43.2931,-59.1097,0.0727,0.052,-0.0274,0.9983
422,-34.0458,-64.2752,0.0639,0.063,-0.0179,0.9979
423,-46.1637,-57.4655,0.0647,0.018,0.0099,0.9998
424,-45.2385,-57.9787,0.0689,0.0252,0.022,0.9994
425,-44.021,-62.1415,0.0683,0.0665,-0.0562,0.9962
426,-43.1048,-62.64,0.0692,0.0541,0.0257,0.9982
427,-41.3202,-63.6402,0.083,0.024,0.0007,0.9997
428,-40.3955,-64.1555,0.0828,0.0137,-0.0075,0.9999
429,-47.0691,-56.9427,0.0564,0.0127,0.0153,0.9998
430,-47.2253,-53.4812,0.0444,0.0203,-0.0141,0.9997
431,-37.4927,-65.7848,0.0721,0.022,-0.034,0.9992
432,-30.6531,-62.8143,0.0654,0.0318,0.0091,0.9995
433,-46.8979,-60.5209,0.0665,-0.0019,-0.025,0.9997
434,-45.8555,-61.1314,0.0649,0.0369,-0.0715,0.9968
435,-44.9306,-61.6278,0.0794,-0.006,-0.0837,0.9965
436,-39.5013,-64.6926,0.0752,-0.0009,-0.0164,0.9999
437,-42.9512,-66.1439,0.0742,0.0247,-0.0154,0.9996
438,-38.4682,-65.2577,0.0699,0.0295,-0.0401,0.9988
439,-36.5644,-66.2858,0.0746,0.0461,-0.0455,0.9979
440,-28.9988,-60.3138,0.0683,0.0079,-0.0008,1.0
441,-47.8094,-59.987,0.0641,0.0125,-0.0062,0.9999
442,-41.1093,-67.166,0.0695,-0.0022,-0.0125,0.9999
443,-40.0313,-67.7645,0.1248,-0.2494,0.0472,0.9672
444,-39.1291,-68.2499,0.0725,0.0529,-0.0637,0.9966
445,-32.2815,-65.2901,0.0614,0.0116,-0.0287,0.9995
446,-45.6725,-64.6237,0.0714,0.0565,-0.0504,0.9971
447,-44.7444,-65.1321,0.069,0.0283,-0.0468,0.9985
448,-42.0329,-66.6563,0.0745,-0.0158,0.0018,0.9999
449,-48.8404,-55.9396,0.042,0.0279,-0.0366,0.9989
450,-39.8499,-66.5226,0.0831,0.5199,-0.1245,0.8451
451,-48.7145,-59.4615,0.054,0.0052,0.0068,1.0
452,-48.5219,-63.0167,0.0662,0.0009,0.0426,0.9991
453,-47.4565,-63.6331,0.0634,0.0501,-0.0894,0.9947
454,-45.979,-62.7229,0.1259,0.0114,0.2016,0.9794
455,-46.5652,-64.1096,0.0658,0.0732,-0.0086,0.9973
456,-40.2119,-68.2096,0.0915,0.3816,-0.0558,0.9226
457,-38.2031,-68.7631,0.0744,0.0738,-0.0581,0.9956
458,-49.4324,-62.4911,0.064,0.0341,0.0275,0.999
459,-43.4717,-68.875,0.0774,0.0164,0.0377,0.9992
460,-42.6045,-69.4461,0.0754,-0.0259,0.0614,0.9978
461,-41.6143,-70.1036,0.0792,0.025,-0.0633,0.9977
462,-37.3026,-69.2742,0.0721,0.0671,-0.0465,0.9967
463,-33.8844,-67.746,0.0616,0.0106,0.015,0.9998
464,-47.8209,-66.0193,0.0687,0.0384,-0.0327,0.9987
465,-46.958,-66.5989,0.068,0.0224,-0.0884,0.9958
466,-46.0673,-67.1562,0.0752,0.0409,-0.0163,0.999
467,-44.3556,-68.2956,0.0841,0.0714,0.0065,0.9974
468,-40.7062,-70.6887,0.0744,0.0359,-0.0436,0.9984
469,-49.6683,-64.7888,0.0659,0.0219,0.032,0.9992
470,-48.5848,-69.1107,0.0704,0.0657,-0.0223,0.9976
471,-47.6984,-69.6745,0.0739,0.076,-0.0274,0.9967
472,-45.9815,-70.7941,0.0773,0.0538,0.024,0.9983
473,-45.1002,-71.3737,0.0811,0.0248,0.0074,0.9997
474,-51.4211,-63.6289,0.0527,0.0119,0.001,0.9999
475,-50.5463,-64.2045,0.0563,0.0073,0.0168,0.9998
476,-48.6991,-65.4698,0.0643,0.0745,-0.0477,0.9961
477,-50.4915,-58.4549,0.0471,0.0296,0.0614,0.9977
478,-43.2366,-72.6007,0.0731,0.0157,-0.0943,0.9954
479,-39.8294,-71.261,0.0713,0.053,-0.0843,0.995
480,-50.3503,-61.9756,0.055,-0.0003,-0.0108,0.9999
481,-50.314,-67.9853,0.066,0.029,-0.0943,0.9951
482,-42.3282,-73.1678,0.0742,0.0889,0.0013,0.996
483,-41.4481,-73.7439,0.0729,0.0599,-0.0322,0.9977
484,-38.9777,-71.8179,0.0799,0.0585,-0.1472,0.9874
485,-52.1256,-60.9583,0.0478,0.0408,-0.0075,0.9991
486,-52.1955,-66.7312,0.0697,0.0019,0.013,0.9999
487,-51.3137,-67.3128,0.0732,0.0347,0.0084,0.9994
488,-49.2092,-65.6627,0.0783,-0.6962,-0.0978,0.7111
489,-44.2109,-71.9433,0.0783,-0.0304,-0.0274,0.9992
490,-49.47,-68.5727,0.0737,0.0335,-0.0879,0.9956
491,-50.1829,-71.565,0.0623,0.0524,-0.0422,0.9977
492,-46.7013,-73.8376,0.0784,-0.0167,-0.0351,0.9992
493,-51.0585,-70.9988,0.072,0.0164,-0.0828,0.9964
494,-37.2563,-72.9123,0.0627,-0.0425,-0.1269,0.991
495,-47.5883,-73.2561,0.0788,0.0187,0.0225,0.9996
496,-45.8274,-74.4094,0.0771,-0.0166,0.0114,0.9998
497,-43.928,-75.6534,0.0777,0.0789,-0.0137,0.9968
498,-49.3144,-72.1516,0.0723,0.0032,-0.0745,0.9972
499,-40.5779,-74.3128,0.0755,0.061,-0.0265,0.9978
500,-44.8529,-75.0484,0.0717,0.0605,-0.0726,0.9955
501,-43.053,-76.2049,0.082,0.0701,-0.1123,0.9912
502,-53.7891,-69.1975,0.069,-0.0058,-0.0024,1.0
503,-52.9084,-69.7728,0.0693,0.0135,-0.0005,0.9999
504,-51.9381,-70.4188,0.0644,0.0851,-0.0178,0.9962
505,-47.4352,-76.8954,0.076,0.0258,-0.0188,0.9995
506,-46.4856,-77.5214,0.0747,0.0651,-0.0566,0.9963
507,-42.1876,-76.7751,0.0733,0.0821,-0.034,0.996
508,-53.5407,-72.9333,0.0689,0.0727,-0.0323,0.9968
509,-51.8063,-74.0746,0.0747,0.0344,-0.0684,0.9971
510,-50.9263,-74.633,0.08,0.0522,-0.0202,0.9984
511,-49.2067,-75.7519,0.0806,-0.0038,0.0076,1.0
512,-48.3193,-76.328,0.0755,0.0032,-0.0087,1.0
513,-54.7502,-65.0326,0.0561,0.0024,-0.0294,0.9996
514,-53.057,-66.152,0.0642,0.0151,-0.02,0.9997
515,-54.6547,-68.6098,0.0603,0.0191,0.0601,0.998
516,-38.8603,-75.3882,0.0616,0.023,-0.0023,0.9997
517,-45.5542,-78.1344,0.0782,0.084,-0.0229,0.9962
518,-54.5257,-72.2756,0.0727,0.0127,0.0243,0.9996
519,-52.683,-73.5042,0.0705,0.0781,-0.05,0.9957
520,-55.4124,-71.7055,0.0648,-0.0183,-0.0346,0.9992
521,-44.6691,-78.701,0.0758,0.0449,-0.044,0.998
522,-49.9245,-78.8162,0.0844,-0.0038,-0.0267,0.9996
523,-52.5407,-77.1344,0.074,0.0371,-0.0242,0.999
524,-50.8236,-78.2438,0.081,0.0046,-0.022,0.9997
525,-49.0805,-79.377,0.092,-0.1651,-0.0122,0.9862
526,-55.143,-75.4486,0.0737,0.0984,-0.0269,0.9948
527,-53.4164,-76.5525,0.0851,0.0536,-0.0038,0.9986
528,-56.2993,-71.1306,0.0712,-0.0258,0.0377,0.999
529,-56.1483,-74.7715,0.0718,0.0254,0.0013,0.9997
530,-40.4703,-77.8677,0.0728,-0.0281,-0.0376,0.9989
531,-48.0565,-80.0368,0.0664,0.0506,-0.1076,0.9929
532,-47.1446,-80.5943,0.0732,0.0277,-0.0353,0.999
533,-57.0318,-74.2049,0.0676,-0.0136,-0.042,0.999
534,-54.3002,-75.999,0.0681,0.0739,-0.0425,0.9964
535,-56.3544,-67.4897,0.0507,0.0502,-0.055,0.9972
536,-43.7998,-79.2733,0.0633,0.0631,-0.0455,0.997
537,-50.6671,-81.8707,0.0709,0.0116,-0.0059,0.9999
538,-45.4142,-81.7424,0.0708,0.044,-0.0399,0.9982
539,-55.9145,-78.4956,0.0736,0.1165,-0.0524,0.9918
540,-54.1529,-79.6203,0.0792,0.0203,-0.0675,0.9975
541,-52.4311,-80.7385,0.0823,0.032,-0.0386,0.9987
542,-51.551,-81.31,0.0787,-0.0053,-0.0167,0.9998
543,-57.9101,-73.6268,0.0619,-0.0347,-0.019,0.9992
544,-49.6527,-82.533,0.0761,0.0449,-0.1109,0.9928
545,-48.7719,-83.1068,0.0731,0.0541,-0.0437,0.9976
546,-46.2744,-81.1636,0.0727,0.0848,-0.0174,0.9963
547,-55.0309,-79.0503,0.0782,0.0331,-0.0342,0.9989
548,-57.9855,-70.0014,0.0604,-0.0019,-0.0489,0.9988
549,-47.9041,-83.6581,0.0751,0.0516,-0.034,0.9981
550,-58.6422,-76.6908,0.0711,0.0085,-0.0334,0.9994
551,-56.7867,-77.9237,0.0684,0.0617,-0.0576,0.9964
552,-54.9524,-76.8203,0.097,0.0913,0.1342,0.9867
553,-56.6394,-81.5391,0.0741,0.051,-0.0176,0.9985
554,-55.7642,-82.0945,0.0721,0.0247,-0.0242,0.9994
555,-54.0462,-83.2217,0.083,0.006,-0.0026,1.0
556,-59.6058,-72.5026,0.0577,-0.0132,-0.0631,0.9979
557,-59.5114,-76.1014,0.0615,0.0209,-0.0026,0.9998
558,-47.04,-84.2475,0.0687,0.0418,-0.0198,0.9989
559,-53.1627,-83.7957,0.0768,0.0306,-0.0047,0.9995
560,-52.2929,-84.3561,0.0818,-0.0493,0.0897,0.9947
561,-57.7585,-77.259,0.0699,0.0267,0.0162,0.9995
562,-57.5095,-80.9591,0.0694,0.078,0.0133,0.9969
563,-43.6935,-82.8481,0.0498,0.0254,-0.0642,0.9976
564,-51.2763,-85.0196,0.0718,0.0465,-0.0857,0.9952
565,-60.251,-79.1852,0.0691,0.0298,-0.0104,0.9995
566,-59.3831,-79.7655,0.072,0.0117,-0.0224,0.9997
567,-55.6846,-85.7617,0.0748,0.0419,0.021,0.9989
568,-54.8056,-86.3258,0.0789,0.0516,-0.0127,0.9986
569,-50.3846,-85.5827,0.073,0.0689,0.0202,0.9974
570,-49.5181,-86.1495,0.0696,0.033,-0.0392,0.9987
571,-48.6458,-86.7316,0.0636,0.0482,-0.0247,0.9985
572,-58.3857,-80.3946,0.0695,0.0755,-0.0621,0.9952
573,-57.3974,-84.6104,0.0823,0.0072,-0.0344,0.9994
574,-53.9176,-86.9034,0.0752,-0.0195,-0.0095,0.9998
575,-52.0472,-88.1382,0.0691,0.0132,-0.078,0.9969
576,-60.9998,-82.2697,0.0685,-0.0002,0.0064,1.0
577,-60.0137,-82.9204,0.0677,0.0658,-0.0742,0.9951
578,-58.2771,-84.049,0.0764,0.044,-0.0298,0.9986
579,-61.2053,-74.9754,0.064,0.0471,0.0099,0.9988
580,-45.2983,-85.3542,0.0706,0.028,0.0364,0.9989
581,-56.9505,-87.7058,0.08,-0.0107,-0.0335,0.9994
582,-56.0834,-88.2906,0.0846,-0.085,-0.0032,0.9964
583,-52.8822,-87.5908,0.0712,0.0197,-0.1156,0.9931
584,-51.1658,-88.6793,0.0664,0.0135,-0.0493,0.9987
585,-61.8665,-81.6815,0.0703,-0.0012,0.0151,0.9999
586,-59.1382,-83.4766,0.0687,0.0677,-0.0186,0.9975
587,-61.1198,-78.5942,0.0654,0.0253,0.0071,0.9997
588,-50.2827,-89.2463,0.0657,0.045,-0.0276,0.9986
589,-62.7411,-81.0907,0.0617,0.0424,0.0015,0.9991
590,-61.5859,-85.3537,0.0677,0.0815,-0.0593,0.9949
591,-60.4,-85.4534,0.0688,0.0355,-0.0019,0.9994
592,-60.6429,-85.8125,0.0823,0.0868,0.0412,0.9954
593,-59.7844,-86.3578,0.0949,0.0908,0.0336,0.9953
594,-59.5308,-86.0226,0.0775,0.0102,-0.067,0.9977
595,-58.6575,-86.5704,0.0739,-0.0305,-0.072,0.9969
596,-58.898,-86.9713,0.0813,0.0321,0.0953,0.9949
597,-57.1892,-88.0879,0.0777,-0.0364,0.0174,0.9992
598,-56.3012,-88.6548,0.0854,-0.0194,-0.0254,0.9995
599,-62.8226,-77.4636,0.0499,-0.0077,-0.0138,0.9999
600,-52.6742,-91.0049,0.0839,-0.0062,-0.0496,0.9988
601,-55.4176,-89.2116,0.0694,0.0044,0.0344,0.9994
602,-54.4767,-90.003,0.0692,0.0626,-0.0869,0.9942
603,-53.3037,-90.1079,0.0696,-0.045,-0.0763,0.9961
604,-53.5082,-90.4491,0.0747,0.055,0.0725,0.9959
605,-52.4476,-90.6592,0.0719,-0.005,-0.0586,0.9983
606,-63.1509,-83.6634,0.0758,-0.0279,0.0948,0.9951
607,-62.2814,-84.2476,0.0693,0.0034,0.0048,1.0
608,-51.5741,-91.2376,0.0652,0.0138,-0.0716,0.9973
609,-51.7974,-91.5662,0.073,0.0466,-0.0272,0.9985
610,-64.0184,-83.1053,0.0681,0.1265,-0.0312,0.9915
611,-63.3743,-84.0104,0.0638,-0.0192,-0.0386,0.9991
612,-62.5199,-84.5852,0.0702,0.0178,0.0256,0.9995
613,-59.1023,-91.0293,0.0813,0.0442,-0.065,0.9969
614,-55.215,-88.8788,0.0711,-0.0291,-0.0026,0.9996
615,-60.8188,-89.9067,0.067,-0.0102,-0.0695,0.9975
616,-63.219,-87.8741,0.0631,0.0967,-0.0345,0.9947
617,-62.528,-88.7304,0.06,0.0475,0.0193,0.9987
618,-57.3271,-92.1491,0.0681,-0.056,-0.0267,0.9981
619,-56.1315,-92.4995,0.0716,0.0554,-0.0765,0.9955
620,-65.2763,-86.958,0.0605,-0.0151,-0.0132,0.9998
621,-55.4083,-93.3858,0.0699,0.0456,-0.0401,0.9982
622,-64.398,-87.5198,0.058,-0.0107,-0.0104,0.9999
623,-61.6654,-89.3226,0.0681,0.0468,-0.024,0.9986
624,-59.6302,-93.7745,0.0728,0.0123,0.0059,0.9999
625,-56.1515,-94.9482,0.0646,0.2882,-0.1487,0.946
626,-54.5588,-93.9569,0.0618,0.0175,-0.0884,0.9959
627,-53.6722,-94.5364,0.0548,0.059,-0.0025,0.9983
628,-65.7394,-81.9912,0.077,0.102,-0.1415,0.9847
629,-66.1616,-86.3785,0.0555,-0.0115,-0.036,0.9993
630,-63.9701,-90.9386,0.0704,0.0357,-0.0511,0.9981
631,-63.0936,-91.4998,0.0633,0.03,-0.0313,0.9991
632,-62.2223,-92.0733,0.0703,0.036,-0.0147,0.9992
633,-60.5096,-93.1978,0.0719,0.0164,-0.01,0.9998
634,-58.2102,-91.5789,0.0752,-0.0299,0.0187,0.9994
635,-58.7472,-94.3384,0.0662,0.0029,0.0003,1.0
636,-57.6968,-95.0359,0.0688,0.0671,-0.0653,0.9956
637,-56.8633,-95.6042,0.0712,0.0351,-0.0785,0.9963
638,-49.8246,-92.3629,0.0413,-0.1356,-0.1185,0.9837
639,-64.257,-83.4391,0.0504,0.0229,0.0044,0.9997
640,-65.8128,-89.7159,0.0591,0.039,0.0038,0.9992
641,-64.828,-90.3622,0.057,0.0616,-0.0946,0.9936
642,-63.8245,-94.5631,0.0732,0.0416,-0.0116,0.9991
643,-62.1213,-95.6898,0.0811,0.0112,-0.0152,0.9998
644,-61.2462,-96.2591,0.0833,-0.0648,-0.0191,0.9977
645,-55.989,-96.1388,0.0675,0.0542,-0.0388,0.9978
646,-66.691,-89.1499,0.0519,0.0019,-0.0208,0.9998
647,-59.3362,-97.5013,0.0667,0.0578,-0.0829,0.9949
648,-55.1076,-96.7081,0.0589,0.0514,-0.0257,0.9983
649,-67.5844,-88.5747,0.0479,-0.0074,-0.0353,0.9993
650,-67.4051,-92.1921,0.0556,0.0468,0.0237,0.9986
651,-66.4251,-92.858,0.0567,0.066,-0.0739,0.9951
652,-64.6898,-94.0131,0.0916,-0.0896,-0.0186,0.9958
653,-68.3054,-91.6399,0.0577,0.0125,-0.0152,0.9998
654,-60.3656,-96.8405,0.0713,-0.0022,-0.0199,0.9998
655,-57.6024,-98.6194,0.07,0.0665,-0.0088,0.9977
656,-51.9679,-95.6224,0.0464,0.0135,-0.0185,0.9997
657,-67.8896,-85.2693,0.0524,0.0794,-0.0679,0.9945
658,-65.5651,-93.4281,0.0618,0.0826,0.0105,0.9965
659,-67.1995,-95.9483,0.0572,0.0882,0.0168,0.996
660,-62.874,-98.7846,0.0743,0.0071,-0.0305,0.9995
661,-58.4712,-98.0831,0.0723,0.0328,-0.0857,0.9958
662,-56.7195,-99.1977,0.0629,0.0381,-0.0504,0.998
663,-66.3365,-96.5291,0.0647,0.049,-0.0338,0.9982
664,-65.4575,-97.0954,0.0669,0.0164,-0.0237,0.9996
665,-63.7518,-98.2115,0.0706,-0.0024,-0.007,1.0
666,-53.382,-97.7988,0.054,-0.0297,-0.0075,0.9995
667,-61.9973,-99.3531,0.0694,0.011,-0.0006,0.9999
668,-60.9309,-100.0003,0.0697,0.1068,-0.0648,0.9922
669,-60.088,-100.5746,0.078,0.0617,-0.0288,0.9977
670,-69.0481,-94.7472,0.0564,0.0178,0.0168,0.9997
671,-69.2994,-87.4643,0.0542,0.0148,-0.0026,0.9999
672,-68.0676,-95.3657,0.0628,0.0961,-0.046,0.9943
673,-59.2107,-101.1131,0.0753,0.0488,-0.0185,0.9986
674,-65.334,-100.6766,0.0681,-0.0093,-0.0115,0.9999
675,-69.1775,-91.0713,0.0481,0.0294,0.0074,0.9995
676,-69.9266,-94.1706,0.0545,0.0086,-0.0145,0.9999
677,-67.0426,-99.5687,0.0648,0.0313,-0.0709,0.997
678,-62.5458,-102.5288,0.0619,0.0514,-0.1127,0.9923
679,-58.3424,-101.705,0.0666,0.0171,-0.0635,0.9978
680,-54.9842,-100.2881,0.0553,-0.0167,-0.0636,0.9978
681,-70.9063,-89.9561,0.0491,0.0028,-0.0347,0.9994
682,-70.8034,-93.5774,0.0457,0.0218,0.0012,0.9998
683,-69.6615,-97.8347,0.0555,0.1167,-0.0362,0.9925
684,-67.9114,-98.9927,0.066,0.0257,-0.0211,0.9994
685,-64.446,-101.2211,0.0623,-0.0636,0.0128,0.9979
686,-71.5263,-96.6543,0.0578,0.0257,-0.0015,0.9997
687,-63.5573,-101.8084,0.0681,0.0133,0.0117,0.9998
688,-61.6643,-103.0191,0.0694,0.0442,-0.0481,0.9979
689,-60.8007,-103.5758,0.0731,0.0244,-0.0576,0.998
690,-70.6389,-97.225,0.0577,0.014,0.0142,0.9998
691,-68.785,-98.4283,0.0636,0.1443,-0.0003,0.9895
692,-70.4044,-100.9457,0.07,0.0189,-0.0444,0.9988
693,-69.5256,-101.5142,0.0671,0.075,-0.0437,0.9962
694,-66.9417,-103.1743,0.0766,0.0032,-0.0373,0.9993
695,-66.0587,-103.7277,0.0781,0.0238,-0.0119,0.9996
696,-62.8559,-104.4891,0.1088,-0.4217,0.1806,0.8886
697,-59.9309,-104.1517,0.0636,0.0576,-0.0298,0.9979
698,-72.4011,-96.0764,0.0451,0.0144,-0.0083,0.9999
699,-68.6528,-102.0739,0.0648,0.0311,-0.0445,0.9985
700,-71.3043,-100.3761,0.0614,0.0811,-0.0585,0.995
701,-65.1687,-104.3016,0.0737,-0.0201,0.0278,0.9994
702,-64.1135,-104.9571,0.0663,0.0974,-0.0735,0.9925
703,-63.2674,-105.5077,0.0642,0.0657,-0.0392,0.9971
704,-56.6044,-102.783,0.0577,0.0488,0.0065,0.9988
705,-72.2453,-99.7295,0.0622,0.0332,0.0131,0.9994
706,-62.3967,-106.0966,0.0699,0.0209,-0.0262,0.9994
707,-73.1447,-99.1819,0.0615,0.0164,-0.0229,0.9996
708,-70.7421,-100.8612,0.0838,0.1366,0.3606,0.9226
709,-68.5346,-105.6781,0.0719,0.0118,-0.0123,0.9999
710,-67.6777,-106.2411,0.0753,-0.0246,-0.0232,0.9994
711,-61.5115,-106.6291,0.0608,0.1051,0.1318,0.9857
712,-74.1184,-94.9647,0.0403,-0.0035,-0.0193,0.9998
713,-74.0203,-98.5962,0.046,0.0022,-0.0612,0.9981
714,-72.8818,-102.8469,0.0604,0.0839,-0.0613,0.9946
715,-71.1174,-104.0124,0.0693,0.043,-0.0241,0.9988
716,-70.2412,-104.5854,0.0684,0.0157,-0.0305,0.9994
717,-64.8777,-108.0322,0.0686,0.0352,-0.0526,0.998
718,-58.1784,-105.2443,0.06,0.0193,-0.0324,0.9993
719,-73.8397,-102.2305,0.0632,-0.0067,-0.0139,0.9999
720,-71.989,-103.437,0.0695,0.0412,-0.0342,0.9986
721,-66.7722,-106.8205,0.0687,-0.0216,-0.0331,0.9992
722,-65.7243,-107.4933,0.0788,0.1439,-0.0954,0.985
723,-74.7345,-101.672,0.062,-0.0036,-0.0338,0.9994
724,-72.7176,-106.519,0.0752,0.0798,-0.0281,0.9964
725,-71.8501,-107.0934,0.074,0.0329,-0.0504,0.9982
726,-70.1285,-108.1688,0.082,0.0239,0.077,0.9967
727,-69.2941,-108.7636,0.1267,-0.1249,-0.0671,0.9899
728,-64.0187,-108.5986,0.0743,0.013,-0.0473,0.9988
729,-75.622,-101.0928,0.0565,0.0008,-0.0309,0.9995
730,-74.5143,-105.3681,0.0671,0.0953,-0.0873,0.9916
731,-67.323,-109.9678,0.0657,0.1199,-0.1155,0.986
732,-63.1333,-109.1662,0.0589,0.0524,-0.0251,0.9983
733,-59.7913,-107.7478,0.0626,-0.0205,-0.0335,0.9992
734,-75.7262,-97.4901,0.0501,-0.0133,-0.0204,0.9997
735,-75.4597,-104.7613,0.0653,-0.0007,-0.0282,0.9996
736,-76.3331,-104.1829,0.0611,0.0218,-0.0345,0.9992
737,-68.3683,-109.3054,0.0758,-0.0189,-0.0246,0.9995
738,-65.6063,-111.0862,0.0742,0.0356,-0.0497,0.9981
739,-73.6038,-105.9445,0.0642,0.0887,0.003,0.9961
740,-77.2203,-103.603,0.0617,0.0067,-0.0179,0.9998
741,-74.3201,-109.0211,0.0713,0.0578,-0.0527,0.9969
742,-73.4303,-109.5784,0.0695,0.0529,-0.0192,0.9984
743,-71.7189,-110.6892,0.0784,0.0406,-0.0077,0.9991
744,-70.8552,-111.2439,0.0807,0.0453,0.0002,0.999
745,-66.4775,-110.5185,0.0682,0.0533,-0.0465,0.9975
746,-64.731,-111.6514,0.075,-0.0247,-0.0412,0.9988
747,-77.3233,-99.9778,0.0598,0.0013,-0.0099,1.0
748,-68.9236,-112.4754,0.0693,0.1186,-0.1179,0.9859
749,-68.0797,-113.0327,0.0733,0.0805,0.0015,0.9968
750,-61.4149,-110.2776,0.0551,0.0385,0.0045,0.9992
751,-77.0614,-107.2742,0.0716,-0.0376,-0.0825,0.9959
752,-76.0995,-107.8322,0.0717,0.0902,-0.0765,0.993
753,-69.9569,-111.8039,0.0767,0.0176,0.0191,0.9997
754,-77.9258,-106.6794,0.0722,0.0192,-0.1579,0.9873
755,-75.2038,-108.4462,0.0689,0.1122,0.0489,0.9925
756,-67.208,-113.6015,0.0731,0.0182,-0.0528,0.9984
757,-75.0438,-112.1003,0.0733,0.0582,-0.021,0.9981
758,-73.3337,-113.2183,0.0793,-0.0028,-0.0842,0.9964
759,-78.8239,-106.1237,0.0599,0.0053,-0.068,0.9977
760,-77.7171,-110.4109,0.0613,0.1129,-0.0351,0.993
761,-76.8078,-110.9661,0.0675,0.0641,-0.0453,0.9969
762,-72.4582,-113.7631,0.0733,-0.0017,-0.0871,0.9962
763,-71.576,-114.3219,0.0804,-0.0462,0.0163,0.9988
764,-70.5509,-114.9764,0.0712,0.0965,-0.0948,0.9908
765,-66.3217,-114.1547,0.0707,0.0595,-0.0194,0.998
766,-78.9416,-102.506,0.0567,0.0077,-0.0266,0.9996
767,-75.9278,-111.5325,0.0776,0.0303,-0.0431,0.9986
768,-63.0115,-112.7688,0.0689,0.0309,-0.0319,0.999
769,-79.5296,-109.2096,0.0608,0.0429,-0.0416,0.9982
770,-78.6471,-109.7707,0.0647,0.0221,0.004,0.9997
771,-78.384,-113.451,0.0748,0.0504,-0.0507,0.9974
772,-77.4958,-114.0033,0.0732,0.0796,-0.0051,0.9968
773,-76.6163,-114.5889,0.0834,0.0722,-0.0216,0.9972
774,-74.8922,-115.6756,0.0804,0.0562,-0.0352,0.9978
775,-74.0309,-116.2473,0.0792,-0.0224,-0.0349,0.9991
776,-68.7117,-114.0895,0.0841,-0.0657,-0.0826,0.9944
777,-69.6698,-115.524,0.0712,0.0473,-0.0269,0.9985
778,-68.7917,-116.0874,0.0667,0.0455,-0.0183,0.9988
779,-67.9159,-116.6536,0.0637,0.0226,-0.0617,0.9978
780,-80.5391,-105.0263,0.0517,-0.0065,-0.0287,0.9996
781,-80.4213,-108.6474,0.0542,0.0039,-0.0214,0.9998
782,-79.3068,-112.8609,0.0635,0.0632,-0.0518,0.9967
783,-73.134,-116.8014,0.0745,-0.0109,-0.0039,0.9999
784,-72.123,-117.4459,0.0794,0.1174,0.0158,0.993
785,-71.1707,-117.9789,0.1597,0.1362,0.0224,0.9904
786,-64.5853,-115.2426,0.0617,0.0063,-0.0252,0.9997
787,-80.2222,-112.2567,0.0627,0.0106,-0.006,0.9999
788,-81.1066,-111.696,0.0547,0.043,-0.0064,0.9991
789,-70.3773,-118.573,0.0698,0.02,-0.0819,0.9964
790,-75.5966,-118.724,0.0724,0.0298,0.0064,0.9995
791,-69.4957,-119.1514,0.0683,-0.0195,-0.0892,0.9958
792,-82.1573,-107.555,0.0473,0.0099,-0.0109,0.9999
793,-82.0031,-111.1324,0.0556,-0.0061,-0.0447,0.999
794,-80.8544,-115.342,0.0687,0.082,-0.0493,0.9954
795,-79.9628,-115.9346,0.0706,0.0274,-0.0382,0.9989
796,-79.0816,-116.4961,0.0687,0.0803,-0.0327,0.9962
797,-78.1994,-117.0496,0.0797,0.0462,-0.0282,0.9985
798,-76.486,-118.1771,0.0787,0.02,-0.0352,0.9992
799,-66.1815,-117.7569,0.0582,0.0478,-0.0254,0.9985
800,-82.6974,-114.2091,0.0596,0.0291,-0.0617,0.9977
801,-74.7332,-119.305,0.0714,-0.035,-0.0055,0.9994
802,-80.697,-119.0309,0.0743,0.0527,-0.0461,0.9975
803,-79.8198,-119.589,0.0838,0.0339,-0.0181,0.9993
804,-78.0933,-120.7006,0.0922,0.0046,0.0143,0.9999
805,-77.1995,-121.2489,0.0834,0.0008,0.017,0.9999
806,-73.731,-119.9514,0.0815,0.1043,-0.1017,0.9893
807,-72.8711,-120.5478,0.1343,-0.0739,-0.0059,0.9972
808,-71.9605,-121.0671,0.0802,0.0463,-0.0254,0.9986
809,-83.5797,-113.6352,0.0437,0.0175,-0.0363,0.9992
810,-81.8021,-114.7484,0.0623,-0.0012,-0.06,0.9982
811,-76.3296,-121.829,0.0897,-0.0317,-0.0221,0.9993
812,-75.3149,-122.4195,0.0849,0.1185,-0.0356,0.9923
813,-71.0795,-121.6381,0.0721,-0.0227,-0.0403,0.9989
814,-67.7652,-120.255,0.0589,0.0672,-0.0004,0.9977
815,-82.4959,-117.8983,0.067,0.0584,-0.0476,0.9972
816,-83.7264,-110.0429,0.0447,-0.0114,-0.1047,0.9944
817,-84.2935,-116.7346,0.0568,0.0135,-0.0319,0.9994
818,-82.9857,-118.6779,0.0519,-0.3934,-0.7424,0.5423
819,-81.5924,-118.4731,0.0705,0.0968,0.0132,0.9952
820,-75.7257,-123.1213,0.0568,-0.3969,-0.7685,0.5018
821,-74.4165,-122.9706,0.0993,0.0513,-0.0405,0.9979
822,-73.5494,-123.5587,0.0733,0.0566,-0.0101,0.9983
823,-85.3244,-112.5475,0.0457,0.0188,-0.039,0.9991
824,-85.188,-116.1816,0.0501,0.0127,-0.0315,0.9994
825,-82.2873,-121.5356,0.0653,0.0851,-0.0329,0.9958
826,-79.6803,-123.2124,0.0722,-0.0138,-0.051,0.9986
827,-78.8044,-123.7785,0.0795,-0.0096,-0.013,0.9999
828,-72.6722,-124.1412,0.0665,0.0345,-0.0387,0.9987
829,-83.4204,-117.3199,0.0647,-0.0306,-0.05,0.9983
830,-83.1858,-120.9639,0.0651,0.0455,-0.0258,0.9986
831,-81.4233,-122.105,0.0672,0.0227,-0.0524,0.9984
832,-77.9172,-124.335,0.0783,-0.0424,-0.0107,0.999
833,-76.052,-125.5276,0.0792,-0.0071,-0.0693,0.9976
834,-69.3481,-122.7448,0.0538,-0.0097,-0.159,0.9872
835,-84.9946,-119.8138,0.0588,0.0137,-0.0073,0.9999
836,-84.0841,-120.394,0.0654,0.0516,-0.0409,0.9978
837,-77.3202,-125.5389,0.0541,-0.4399,-0.7417,0.5063
838,-85.8969,-119.2596,0.0555,0.0046,-0.027,0.9996
839,-76.9375,-124.9592,0.0806,0.0371,-0.0919,0.9951
840,-75.1554,-126.0938,0.0716,0.0269,-0.0198,0.9994
841,-84.4983,-120.9997,0.0528,-0.4454,-0.7169,0.5363
842,-81.2705,-125.7204,0.0655,-0.023,-0.0599,0.9979
843,-78.1514,-126.9062,0.0545,0.4693,0.6298,0.619
844,-85.3002,-122.3075,0.0507,0.4682,0.6574,0.5904
845,-83.001,-124.6271,0.0565,-0.024,-0.0636,0.9977
846,-86.7862,-118.6921,0.0515,0.0008,-0.0417,0.9991
847,-79.5058,-126.8427,0.0658,-0.0067,-0.0323,0.9995
848,-78.5282,-127.4689,0.0724,-0.0071,-0.1205,0.9927
849,-74.2709,-126.6626,0.0704,-0.0149,-0.0458,0.9988
850,-70.9236,-125.2373,0.0583,0.0265,-0.0373,0.999
851,-86.9229,-115.0701,0.0526,-0.0684,0.0449,0.9967
852,-85.6732,-122.8989,0.057,0.0236,-0.0851,0.9961
853,-83.8775,-124.0654,0.051,0.0237,-0.031,0.9992
854,-80.385,-126.2722,0.0611,-0.0141,-0.0624,0.9979
855,-87.4581,-121.7291,0.0539,0.0336,-0.0056,0.9994
856,-85.5239,-124.6975,0.0657,0.0298,-0.0256,0.9992
857,-85.7519,-125.0268,0.0648,-0.0201,-0.0698,0.9974
858,-82.0311,-126.9266,0.0735,0.0441,-0.0298,0.9986
859,-82.2352,-127.2357,0.0772,-0.1188,-0.1596,0.98
860,-80.2635,-128.0366,0.0716,-0.0286,-0.0149,0.9995
861,-80.4766,-128.3904,0.0769,-0.0634,-0.1126,0.9916
862,-77.6149,-128.0023,0.0708,-0.0409,-0.0319,0.9987
863,-76.7311,-128.5895,0.0632,0.0154,-0.027,0.9995
864,-86.5666,-122.3066,0.0511,0.0066,-0.0373,0.9993
865,-84.7541,-123.4708,0.0567,0.0423,0.0016,0.9991
866,-84.6188,-125.2628,0.073,0.12,0.0162,0.9926
867,-83.7586,-125.8315,0.0605,0.0189,-0.0222,0.9996
868,-88.3545,-121.187,0.0596,-0.0083,-0.0536,0.9985
869,-87.3454,-123.5434,0.0519,0.0155,-0.0487,0.9987
870,-87.5633,-123.8893,0.0625,-0.0632,-0.1127,0.9916
871,-84.8412,-125.5945,0.0541,-0.0375,-0.085,0.9957
872,-81.1576,-127.4756,0.0636,0.0152,0.0391,0.9991
873,-81.3579,-127.7954,0.0657,-0.0734,-0.1117,0.991
874,-78.393,-129.2279,0.0648,-0.0374,-0.0323,0.9988
875,-78.6282,-129.5527,0.069,-0.0497,-0.0763,0.9958
876,-75.8527,-129.1553,0.0648,-0.0061,0.0055,1.0
877,-83.9633,-126.1433,0.0656,-0.0367,-0.06,0.9975
878,-77.7356,-130.1522,0.063,-0.0579,-0.1336,0.9893
879,-88.525,-117.5967,0.0551,0.0022,-0.0219,0.9998
880,-89.1301,-122.4226,0.0553,0.0034,-0.0301,0.9995
881,-87.3499,-125.4689,0.2582,-0.7994,0.5955,0.0793
882,-77.5028,-129.8013,0.0693,-0.0311,-0.0602,0.9977
883,-76.8524,-130.7128,0.0618,-0.1188,-0.1043,0.9874
884,-88.2307,-122.9804,0.1021,0.1179,-0.0496,0.9918
885,-80.2419,-130.0958,0.1472,-0.0022,-0.082,0.9966
886,-89.3435,-122.7465,0.0738,-0.0505,-0.1651,0.985
887,-88.0735,-127.0536,0.0598,0.6959,0.3493,0.6275
888,-81.2944,-132.0757,0.0819,0.5681,0.3148,0.7603
889,-76.6359,-130.3749,0.0644,0.0446,0.0317,0.9985
890,-88.4486,-123.2873,0.0744,-0.0357,-0.0891,0.9954
891,-90.1079,-120.0937,0.0685,0.006,-0.0467,0.9989
892,-88.8013,-127.0323,0.0578,0.1989,0.6701,0.7152
893,-74.0965,-130.2451,0.0622,0.036,-0.0062,0.9993
894,-81.5569,-131.8177,0.0746,0.2251,0.6382,0.7362
895,-74.8908,-131.4867,0.0414,-0.1353,-0.1491,0.9795
896,-75.1142,-131.8554,0.068,-0.0278,-0.08,0.9964
897,-57.2904,-105.8091,0.0504,0.2382,0.1685,0.9565
898,-20.5846,-47.5887,0.0509,0.0013,-0.0144,0.9999
899,-4.312,-23.4927,0.0614,0.0553,0.1115,0.9922
900,-18.273,-8.3701,0.0536,-0.0514,-0.0002,0.9987
901,-23.289,-15.7471,0.0466,0.0295,-0.0979,0.9948
902,-29.9622,-25.599,0.0474,0.0188,-0.0403,0.999
903,-44.8565,-47.9883,0.0488,0.0165,0.006,0.9998
904,-48.1353,-52.9581,0.0416,0.0073,0.0029,1.0
905,-64.4674,-79.9731,0.0621,-0.0282,0.0499,0.9984
906,-74.9831,-94.4028,0.0406,-0.0032,-0.104,0.9946
